C1,216.81,56.90,90.00,0u1,CAPC1608X85
C2,219.71,62.23,0.00,0u1,CAPC1608X85
C3,219.71,60.39,0.00,1u,CAPC1608X85
C4,219.71,58.55,0.00,0u1,CAPC1608X85
D1,212.09,119.13,180.00,DIODE,DIOM7959X625N
D2,137.92,119.26,180.00,DIODE,DIOM7959X625N
D3,212.09,126.24,180.00,DIODE,DIOM7959X625N
D4,137.92,128.13,180.00,DIODE,DIOM7959X625N
D5,174.37,119.13,180.00,DIODE,DIOM7959X625N
D6,174.37,127.51,180.00,DIODE,DIOM7959X625N
D7,99.20,121.01,180.00,DIODE,DIOM7959X625N
D8,99.20,129.65,180.00,DIODE,DIOM7959X625N
J1,72.39,134.87,90.00,OSTTC022162CONN_OSTTC022162_OST,CONN_OSTTC022162_OST
J10,95.25,154.94,0.00,OSTTC032162CONN_OSTTC032162_OST,CONN_OSTTC032162_OST
J2,77.68,78.02,270.00,OSTTC022162CONN_OSTTC022162_OST,CONN_OSTTC022162_OST
J20,235.45,77.40,270.00,5025840270,MOLEX_5025850270
J21,99.06,54.61,0.00,TERM-BLK-3P,TERMBLK_254-3N
J22,114.48,54.61,0.00,TERM-BLK-3P,TERMBLK_254-3N
J23,129.90,54.61,0.00,TERM-BLK-3P,TERMBLK_254-3N
J24,145.32,54.61,0.00,TERM-BLK-3P,TERMBLK_254-3N
J25,160.75,54.61,0.00,TERM-BLK-3P,TERMBLK_254-3N
J26,176.17,54.61,0.00,TERM-BLK-3P,TERMBLK_254-3N
J27,191.59,54.61,0.00,TERM-BLK-3P,TERMBLK_254-3N
J28,207.01,54.61,0.00,TERM-BLK-3P,TERMBLK_254-3N
J5,235.45,93.22,270.00,5025840870,MOLEX_5025840870
J6,235.45,61.58,270.00,5025840870,MOLEX_5025840870
J7,134.62,154.94,0.00,OSTTC032162CONN_OSTTC032162_OST,CONN_OSTTC032162_OST
J8,208.28,154.94,0.00,OSTTC032162CONN_OSTTC032162_OST,CONN_OSTTC032162_OST
J9,171.45,154.94,0.00,OSTTC032162CONN_OSTTC032162_OST,CONN_OSTTC032162_OST
K1,113.95,143.74,270.00,J1071AS12VDC.36,J1071AS12VDC36
K2,113.95,118.09,270.00,J1071AS12VDC.36,J1071AS12VDC36
K3,188.88,143.49,270.00,J1071AS12VDC.36,J1071AS12VDC36
K4,188.88,117.84,270.00,J1071AS12VDC.36,J1071AS12VDC36
K5,225.71,142.73,270.00,J1071AS12VDC.36,J1071AS12VDC36
K6,225.71,118.34,270.00,J1071AS12VDC.36,J1071AS12VDC36
K7,152.05,142.98,270.00,J1071AS12VDC.36,J1071AS12VDC36
K8,152.05,118.60,270.00,J1071AS12VDC.36,J1071AS12VDC36
Q1,148.08,101.09,0.00,BSS806N,SOT23
Q2,129.79,101.35,0.00,BSS806N,SOT23
Q3,217.42,101.60,0.00,BSS806N,SOT23
Q4,208.79,101.85,0.00,BSS806N,SOT23
Q5,183.39,101.60,0.00,BSS806N,SOT23
Q6,166.12,102.62,0.00,BSS806N,SOT23
Q7,90.68,101.60,0.00,BSS806N,SOT23
Q8,108.46,100.33,0.00,BSS806N,SOT23
R1,146.56,97.54,0.00,470,RESC2012X65
R10,210.82,98.04,180.00,10k,RESC2012X65
R11,168.40,99.06,180.00,10k,RESC2012X65
R12,109.98,96.52,180.00,10k,RESC2012X65
R13,132.08,98.04,180.00,10k,RESC2012X65
R14,219.46,98.04,180.00,10k,RESC2012X65
R15,185.17,97.79,180.00,10k,RESC2012X65
R16,91.95,98.30,180.00,10k,RESC2012X65
R17,222.50,58.17,0.00,1k,RESC1608X60
R18,223.52,60.45,90.00,3k,RESC1608X60
R2,128.52,97.86,0.00,470,RESC2012X65
R3,215.90,98.04,0.00,470,RESC2012X65
R4,207.26,98.04,0.00,470,RESC2012X65
R5,181.36,97.79,0.00,470,RESC2012X65
R6,88.39,98.30,0.00,470,RESC2012X65
R7,164.85,99.06,0.00,470,RESC2012X65
R8,106.43,96.52,0.00,470,RESC2012X65
R9,149.86,97.54,180.00,10k,RESC2012X65
U1,223.52,67.06,180.00,SN74HCT541DBRDB20,DB20
U6,221.23,52.83,180.00,V_REG_317SMD,SOT223
