Qty,Value,Device,Package,Parts,Description,ARROW_PART_NUMBER,ARROW_PRICE-STOCK,CATEGORY,COPYRIGHT,DESCRIPTION,DRAIN_CURRENT,FORWARD_CURRENT,HEIGHT,MANUFACTURER,MANUFACTURER_NAME,MANUFACTURER_PART_NUMBER,MAXIMUM_PACKAGE_HEIGHT,MFR_NAME,MOUSER_PART_NUMBER,MOUSER_PRICE-STOCK,MPN,OPERATING_TEMP,OPERATING_TEMPERATURE,PARTREV,PART_STATUS,PITCH,RATING,REVERSE_VOLTAGE,ROHS_COMPLIANCE,ROHS_COMPLIANT,SERIES,STANDARD,SUB-CATEGORY,SUBCATEGORY,THERMALLOSS,TOLERANCE,TYPE,VALUE,VOLTAGE_RATING
3,0u1,C_CHIP-0603(1608-METRIC),CAPC1608X85,"C1, C2, C4","Capacitor - Generic",,,Capacitor,,,,,,,,,,,,,,,,,,,,,,,,,,,,,,,
8,10k,R_CHIP-0805(2012-METRIC),RESC2012X65,"R9, R10, R11, R12, R13, R14, R15, R16","Resistor Fixed - Generic",,,Resistor,,,,,,,,,,,,,,,,,,,,,,,,,Fixed,,,,,,
1,1k,R_CHIP-0603(1608-METRIC),RESC1608X60,R17,"Resistor Fixed - Generic",,,Resistor,,,,,,,,,,,,,,,,,,,,,,,,,Fixed,,,,,,
1,1u,C_CHIP-0603(1608-METRIC),CAPC1608X85,C3,"Capacitor - Generic",,,Capacitor,,,,,,,,,,,,,,,,,,,,,,,,,,,,,,,
1,3k,R_CHIP-0603(1608-METRIC),RESC1608X60,R18,"Resistor Fixed - Generic",,,Resistor,,,,,,,,,,,,,,,,,,,,,,,,,Fixed,,,,,,
8,470,R_CHIP-0805(2012-METRIC),RESC2012X65,"R1, R2, R3, R4, R5, R6, R7, R8","Resistor Fixed - Generic",,,Resistor,,,,,,,,,,,,,,,,,,,,,,,,,Fixed,,,,,,
1,5025840270,5025840270,MOLEX_5025850270,J20,"1.50mm Pitch, CLIK-Mate PCB Receptacle, Single Row, Surface Mount, Tin Plating, Positive Lock, with Pick-and-Place Polyimide Tape, 2 Circuits, Beige",,,,,,,,,Molex,,,"7.3 mm",,,,,,,C,,,,,,,,"Manufacturer Recommendations",,,,,,,
2,5025840870,5025840870,MOLEX_5025840870,"J5, J6","1.50mm Pitch, CLIK-Mate PCB Receptacle, Single Row, Surface Mount, Tin Plating, Positive Lock, with Pick-and-Place Polyimide Tape, 8 Circuits, Beige",,,,,,,,,Molex,,,"7.3 mm",,,,,,,C,,,,,,,,"Manufacturer Recommendations",,,,,,,
1,65800003009,65800003009,65800003009,H1,"ACS 5X20MM SMD FUSE BLOCK 16 AMP. LCP",65800003009,https://www.arrow.com/en/products/65800003009/littelfuse?utm_currency=USD&region=nac,,,"ACS 5X20MM SMD FUSE BLOCK 16 AMP. LCP",,,13.2mm,,LITTELFUSE,65800003009,,,576-65800003009,https://www.mouser.co.uk/ProductDetail/Littelfuse/65800003009?qs=u4fy%2FsgLU9MuXzR%252Bsei8Ww%3D%3D,,,,,,,,,,,,,,,,,,,
8,BSS806N,NMOSFETSOT23-GSD,SOT23,"Q1, Q2, Q3, Q4, Q5, Q6, Q7, Q8","N-Channel MOSFET - Generic",,,Transistor,,,,,,,,,,,,,,,,,,,,,,,,,MOSFET,,,,N-Channel,NMOSFET,
8,DIODE,DIODEDO-214AB(SMC),DIOM7959X625N,"D1, D2, D3, D4, D5, D6, D7, D8","Diode Rectifier - Generic",,,Diode,,,,,,,,,,,,,,,,,,,,,,,,,Rectifier,,,,,DIODE,
1,ERZ-VF2M241,ERZ-VF2M241,VAR_ERZ-VF2M241,RV1,,,,,,,,,,Panasonic,,,3.5mm,,,,,,,14-Dec-20,,,,,,,,"Manufacturer Recommendations",,,,,,,
8,J1071AS12VDC.36,J1071AS12VDC.36,J1071AS12VDC36,"K1, K2, K3, K4, K5, K6, K7, K8","General Purpose Relay SPST-NO (1 Form A) 12VDC Coil Through Hole",,,,,"General Purpose Relay SPST-NO (1 Form A) 12VDC Coil Through Hole",,,15.5mm,,"CIT Relay & Switch",J1071AS12VDC.36,,,,,,,,,,,,,,,,,,,,,,,
2,OSTTC022162CONN_OSTTC022162_OST,OSTTC022162CONN_OSTTC022162_OST,CONN_OSTTC022162_OST,"J1, J2",,,,,"Copyright (C) 2025 Ultra Librarian. All rights reserved.",,,,,,,OSTTC022162,,"On Shore Technology",,,,,,,,,,,,,,,,,,,,,
4,OSTTC032162CONN_OSTTC032162_OST,OSTTC032162CONN_OSTTC032162_OST,CONN_OSTTC032162_OST,"J7, J8, J9, J10",,,,,"Copyright (C) 2025 Ultra Librarian. All rights reserved.",,,,,,,OSTTC032162,,"On Shore Technology",,,,,,,,,,,,,,,,,,,,,
1,SN74HCT541DBRDB20,SN74HCT541DBRDB20,DB20,U1,,,,,"Copyright (C) 2025 Ultra Librarian. All rights reserved.",,,,,,,SN74HCT541DBR,,"Texas Instruments",,,,,,,,,,,,,,,,,,,,,
8,TERM-BLK-3P,2828XX-3282834-3,TERMBLK_254-3N,"J21, J22, J23, J24, J25, J26, J27, J28","3 Position Wire to Board Terminal Block Horizontal with Board",,,"Fixed Terminal Blocks",,"Fixed Terminal Blocks 3P TERMINAL BLOCK",,,,"TE Connectivity AMP Connectors",,,,,,,282834-3,,"-40°C ~ 105°C",,Active," (2.54mm)",,,"RoHS Compliant",,Buchanan,,,"Terminal Blocks",,,"Through Hole; Screw - Rising Cage Clamp; Side wire entry"," Horizontal with Board",TERM-BLK-3P
1,V_REG_317SMD,V_REG_317SMD,SOT223,U6,"Voltage Regulator",,,,,,,,,,,,,,,,,,,,,,,,,,,,,,,,,,
